1, Elite Distribution,2023-03-13
2, Elite Exports,2023-05-16
3, Elite Imports,2023-04-24
4, Elite Industries,2023-06-02
5, Elite Logistics,2022-05-07
6, Elite Supply,2022-12-29
7, Elite Trading,2022-03-29
8, Express Distribution,2022-07-03
9, Express Exports,2021-11-22
10, Express Group,2023-05-01
11, Express Imports,2022-03-04
12, Express Industries,2023-04-02
13, Express Logistics,2022-02-10
14, Express Services,2021-12-15
15, Express Solutions,2022-01-21
16, Express Supply,2023-06-11
17, Express Trading,2021-11-17
18, Global Distribution,2022-04-04
19, Global Exports,2022-06-23
20, Global Group,2021-12-31
21, Global Imports,2021-09-05
22, Global Industries,2022-03-25
23, Global Logistics,2023-02-25
24, Global Services,2022-11-20
25, Global Solutions,2023-02-04
26, Global Trading,2023-06-13
27, International Distribution,2022-12-26
28, International Group,2022-07-14
29, International Industries,2021-12-15
30, International Logistics,2021-09-24
31, International Services,2021-11-13
32, International Solutions,2022-07-16
33, International Supply,2023-01-21
34, International Trading,2021-11-15
35, Local Distribution,2022-03-16
36, Local Exports,2022-12-21
37, Local Imports,2023-06-17
38, Local Industries,2022-11-24
39, Local Logistics,2021-09-19
40, Local Services,2022-07-17
41, Local Solutions,2023-04-04
42, Local Supply,2023-02-16
43, Local Trading,2023-03-17
44, National Group,2021-09-28
45, National Imports,2022-10-15
46, National Logistics,2021-11-25
47, National Solutions,2021-11-27
48, National Supply,2021-08-18
49, National Trading,2022-03-10
50, Premium Distribution,2022-12-09
51, Premium Group,2022-06-26
52, Premium Imports,2021-12-11
53, Premium Industries,2022-06-28
54, Premium Services,2023-02-05
55, Premium Supply,2021-10-16
56, Prime Distribution,2022-05-29
57, Prime Group,2021-10-03
58, Prime Imports,2022-03-13
59, Prime Logistics,2022-03-24
60, Prime Services,2021-12-13
61, Prime Supply,2023-04-23
62, Prime Trading,2022-08-23
63, Pro Group,2021-12-04
64, Pro Imports,2022-10-23
65, Pro Industries,2023-02-13
66, Pro Services,2021-07-30
67, Pro Solutions,2023-04-01
68, Regional Exports,2022-07-28
69, Regional Imports,2021-07-02
70, Regional Industries,2022-04-27
71, Regional Logistics,2023-06-14
72, Regional Services,2022-09-24
73, Regional Solutions,2021-10-12
74, Regional Supply,2022-08-18
75, Regional Trading,2023-05-18
